Id,days_not_worn,total_day_records,pct_days_not_worn,avg_steps_on_worn_days
8253242879,1,30,3.3,5236.0
6117666160,1,38,2.6,7562.0
6290855005,1,39,2.6,4737.0
8583815059,1,39,2.6,6514.0
4319703577,1,43,2.3,7600.0
1503960366,1,49,2.0,12433.0
4057192912,0,35,0.0,2164.0
4020332650,0,62,0.0,4115.0
2347167796,0,32,0.0,9949.0
6962181067,0,44,0.0,10923.0
1624580081,0,49,0.0,5273.0
1844505072,0,42,0.0,2945.0
2022484408,0,42,0.0,11871.0
7007744171,0,37,0.0,11933.0
5577150313,0,41,0.0,8386.0
8877689391,0,42,0.0,16815.0
5553957443,0,42,0.0,8744.0
6775888955,0,35,0.0,3301.0
7086361926,0,42,0.0,8661.0
8378563200,0,42,0.0,8759.0
8792009665,0,40,0.0,2272.0
6391747486,0,9,0.0,1337.0
1644430081,0,40,0.0,7781.0
3372868164,0,30,0.0,6617.0
8053475328,0,41,0.0,15145.0
3977333714,0,41,0.0,10573.0
2873212765,0,42,0.0,7473.0
4702921684,0,45,0.0,8553.0
4558609924,0,42,0.0,7325.0
4445114986,0,45,0.0,4735.0
2320127002,0,42,0.0,4378.0
2026352035,0,42,0.0,5078.0
4388161847,0,39,0.0,8596.0
1927972279,0,42,0.0,1299.0
2891001357,0,8,0.0,774.0