Id,avg_steps,days_missing_sleep,total_day_records,pct_days_missing_sleep
8877689391,16815,42,42,100
8053475328,15145,38,41,92.7
1503960366,12433,23,48,47.9
7007744171,11933,35,37,94.6
2022484408,11871,42,42,100
6962181067,10923,13,44,29.5
3977333714,10573,13,41,31.7
2347167796,9949,17,32,53.1
8378563200,8759,11,42,26.2
5553957443,8744,11,42,26.2
7086361926,8661,18,42,42.9
4388161847,8596,16,39,41
4702921684,8553,18,45,40
5577150313,8386,15,41,36.6
1644430081,7781,36,40,90
4319703577,7600,16,42,38.1
6117666160,7562,19,37,51.4
2873212765,7473,42,42,100
4558609924,7325,37,42,88.1
3372868164,6617,30,30,100
8583815059,6514,38,38,100
1624580081,5273,49,49,100
8253242879,5236,29,29,100
2026352035,5078,14,42,33.3
6290855005,4737,38,38,100
4445114986,4735,17,45,37.8
2320127002,4378,41,42,97.6
4020332650,4115,54,62,87.1
6775888955,3301,32,35,91.4
1844505072,2945,39,42,92.9
8792009665,2272,25,40,62.5
4057192912,2164,35,35,100
6391747486,1337,9,9,100
1927972279,1299,37,42,88.1
2891001357,774,8,8,100
